﻿복습,강의명,강의 내용,장소,수업일자,수업 주제,작성일시,자료,실습 주제
No,Day0 입학식,입학식,신투,2023년 7월 17일 오전 8:00 → 오후 5:00,,2023년 7월 19일 오전 9:10,,
No,Day1 클라우드 활용 기초1,"클라우드, 현직자 강연",새싹,2023년 7월 18일 오전 8:00 → 오후 5:00,강사 소개 && 플랫폼 소개 && AWS 알아보기,2023년 7월 18일 오전 10:53,,실습1. 가입하기
No,Day2 클라우드 활용 기초2,클라우드,새싹,2023년 7월 19일 오전 8:00 → 오후 5:00,개발자를 위한 클라우드 기술 트렌드 && AWS 컴퓨팅,2023년 7월 19일 오전 8:00,,
No,Day3 클라우드 활용 기초3,"클라우드, 현직자 강연",새싹,2023년 7월 20일 오전 8:00 → 오후 5:00,"김흥환 멘토님 DevOps강연 && AWS네트워킹, 스토리지 유형, 데이터베이스 && JupyterNotebook && ElasticBeanstalk && FastAPI",2023년 7월 20일 오전 7:53,,
No,Day4 클라우드 활용 기초4,클라우드,새싹,2023년 7월 21일 오전 8:00 → 오후 3:00,"AWS Elastic Beanstalk 활용하여 수 분만에 코드 배포하기 
모듈 8. AWS Lambda",2023년 7월 21일 오전 8:30,,ElasticBeanstalk로 FastAPI 배포하기
No,Day5 클라우드 활용 기초5,"클라우드, 현직자 강연",새싹,2023년 7월 24일 오전 8:00 → 오후 5:00,,2023년 7월 21일 오전 9:16,,
No,Day6 클라우드 활용 기초6,클라우드,새싹,2023년 7월 25일 오전 8:00 → 오후 5:00,,2023년 7월 25일 오전 9:39,,실습 10. ElasticBeanstalk에 Redis 채팅 만들기
No,Day7 클라우드 활용 기초7,"클라우드, 현직자 강연",새싹,2023년 7월 26일 오전 8:00 → 오후 5:00,,2023년 7월 26일 오전 7:49,,
No,Day8 프론트엔드1,프론트엔드,새싹,2023년 7월 27일 오전 8:00 → 오후 5:00,"HTML ",2023년 7월 27일 오전 8:03,,
No,Day9 프론트엔드2,프론트엔드,새싹,2023년 7월 28일 오전 8:00 → 오후 5:00,HTML & CSS,2023년 7월 28일 오전 7:59,,
No,Day10 프론트엔드3,"프론트엔드, 현직자 강연",새싹,2023년 7월 31일," CSS",2023년 7월 31일 오전 7:30,,
No,Day11 프론트엔드4,프론트엔드,새싹,2023년 8월 1일," CSS",2023년 8월 1일 오전 7:56,,
No,프론트엔드 정리(1~5),프론트엔드,,,,2023년 8월 1일 오후 6:45,,
No,Day12 프론트엔드5,프론트엔드,새싹,2023년 8월 2일,,2023년 8월 2일 오전 7:51,,
No,Day13 프론트엔드6,프론트엔드,새싹,2023년 8월 3일,미니프로젝트 내용 여기에 정리하기,2023년 8월 4일 오후 3:55,,미니프로젝트 내용 여기에 정리하기
No,Day14 프론트엔드,프론트엔드,새싹,2023년 8월 4일,JS,2023년 8월 4일 오후 3:56,%E1%84%89%E1%85%B5%E1%86%AB%E1%84%92%E1%85%A1%E1%86%AB%E1%84%90%E1%85%AE%E1%84%8C%E1%85%A1%E1%84%8C%E1%85%B3%E1%86%BC%E1%84%80%E1%85%AF%E1%86%AB%20%E1%84%91%E1%85%B3%E1%84%85%E1%85%A9%E1%84%83%E1%85%B5%E1%84%8C%E1%85%B5%E1%84%90%E1%85%A5%E1%86%AF%E1%84%8B%E1%85%A1%E1%84%8F%E1%85%A1%E1%84%83%E1%85%A6%E1%84%86%E1%85%B5%20%E1%84%80%E1%85%A1%E1%86%BC%E1%84%8B%E1%85%B4%20%E1%84%82%E1%85%A2%E1%84%8B%E1%85%AD%E1%86%BC%20b3f51262e9a4434a825a3c9953e72c20/%25EC%259E%2590%25EB%25B0%2594%25EC%258A%25A4%25ED%2581%25AC%25EB%25A6%25BD%25ED%258A%25B8_1.pdf,
No,Day15 프론트엔드,프론트엔드,새싹,2023년 8월 7일,,2023년 8월 7일 오전 7:57,,
No,Day16 프론트엔드,프론트엔드,새싹,2023년 8월 8일,,2023년 8월 8일 오전 7:57,,
No,Day17 프론트엔드,프론트엔드,새싹,,,2023년 8월 9일 오전 8:00,,
No,Day18 프론트엔드,프론트엔드,새싹,2023년 8월 10일,,2023년 8월 10일 오전 8:01,,